X,Y,Speed,nGear
-1140.9919274776032,2008.347795971894,0.0,1
-1140.9907278128503,2008.4133493637228,0.0,1
-1141.0,2009.0,0.0,1
-1141.0078222953794,2009.0010837270077,0.0,1
-1141.0,2009.0,1.6874976,1
-1140.3888361623144,2012.2562146101907,4.0,1
-1140.0,2015.0,8.8857088,1
-1139.7665604763738,2018.703963096436,16.0,1
-1139.0,2034.0,25.785709714285712,1
-1138.9536894631517,2034.656278231104,26.0,1
-1137.0,2060.0,32.78999552,1
-1136.9417261185033,2060.6891798012575,33.0,1
-1134.7398802325442,2082.5766993227594,39.0,1
-1134.0,2091.0,43.30832746666667,1
-1132.6759531786408,2108.5503921784925,50.0,1
-1132.0,2117.0,52.42999424,1
-1129.4650973065548,2146.029610651337,59.0,1
-1127.0,2174.0,65.22142262857143,1
-1124.9380552751365,2199.262164366479,72.0,1
-1121.0,2244.0,82.39090385454546,1
-1118.0,2273.0,87.29999476363636,1
-1116.6501844420025,2287.709957070583,90.0,1
-1112.0,2346.0,99.3624944,1
-1107.134179684472,2401.1889838714596,104.0,1
-1104.0,2436.0,108.624992,1
-1100.8827698314062,2469.090340179366,119.0,2
-1095.0,2539.0,128.071424,2
-1093.251380521322,2560.378970925986,129.0,2
-1081.0,2709.0,138.624992,2
-1080.6283979812076,2713.334276347426,139.0,2
-1072.0,2804.0,148.74999466666668,2
-1071.7550580283855,2806.7046843582816,149.0,3
-1060.0,2945.0,158.74999466666668,3
-1059.7337087284757,2948.1531258762684,159.0,3
-1048.4841891594626,3080.955496632017,175.0,3
-1048.0,3087.0,175.50000213333334,3
-1040.0,3186.0,182.1666688,3
-1030.5210594078449,3290.2672997506693,187.0,4
-1024.0,3362.0,187.0,4
-1020.0795395490464,3406.6526302222455,187.0,4
-1011.7257992004379,3507.622582713736,191.0,4
-1005.0,3590.0,201.20832213333333,4
-1003.1130762428564,3612.070795331304,205.0,4
-998.5769901542358,3661.1966312367317,205.0,5
-991.0,3749.0,205.0,5
-981.4912473303991,3861.7204277342344,205.0,5
-977.0,3915.0,210.10712502857143,5
-969.0398399235814,4007.344580245912,231.0,5
-966.0,4041.0,232.94317789090908,5
-952.0,4198.0,237.8522688,5
-943.8263837545335,4292.6880794514855,240.0,6
-929.0,4467.0,244.2656264,6
-923.1723651605108,4535.4731513750685,247.0,6
-916.0,4619.0,250.90000128,6
-915.7571017307299,4621.812424585222,251.0,6
-899.0,4816.0,257.8499968,6
-896.1143907566002,4849.912795066384,259.0,6
-888.0,4946.0,260.8272709818182,6
-877.0,5076.0,263.2818164363636,6
-866.0222997747841,5204.153599922213,265.0,6
-851.2650409592557,5375.026147562847,268.0,7
-849.0,5401.0,268.28333226666666,7
-837.0,5536.0,270.78333226666666,7
-825.5374750689,5669.519941738756,272.0,7
-811.0,5841.0,274.4857124571429,7
-805.7118294491984,5904.686494304953,276.0,7
-798.0,5996.0,279.47999744,7
-796.2115443528218,6016.3637771089225,280.0,7
-774.0,6270.0,283.1749984,7
-769.5919231308702,6325.540922963491,284.0,7
-763.0,6412.0,284.56999936,7
-757.5718331271211,6479.0329769770615,285.0,7
-747.0,6602.0,286.64999862857144,7
-737.8958125483132,6702.735833266885,288.0,7
-730.0,6794.0,288.56999936,7
-724.6454471365366,6862.991493684629,289.0,7
-720.0,6922.0,285.916672,7
-709.0,7047.0,279.2500053333333,7
-708.5999081881024,7051.599972976535,279.0,7
-696.3120832828376,7200.9149336369965,279.0,7
-692.0,7254.0,268.4285897142857,7
-683.0,7362.0,245.57144685714286,7
-680.6740818206383,7388.900427476074,239.0,7
-673.214399186059,7472.401548831242,218.0,7
-667.0,7548.0,208.90323193340691,7
-655.0,7700.0,195.3548355130051,7
-651.6557774779853,7740.498202553569,191.0,7
-641.8278892566611,7840.705626440968,182.0,5
-635.0,7891.0,156.54285714285714,5
-632.960141859409,7906.871655537857,149.0,3
-625.0,7964.0,136.7010760191936,3
-621.7282556250449,7982.423464610194,133.0,3
-609.0215761800995,8041.567241465857,123.0,3
-602.0,8068.0,117.062512,3
-580.0,8128.0,103.312496,3
-579.2093202930103,8129.638733519384,103.0,2
-535.0,8207.0,95.47500672,2
-501.7272620391535,8247.113798227932,89.0,2
-474.0,8268.0,84.6250048,2
-470.03627616836457,8270.537326861982,84.0,2
-292.0,8323.0,69.91666844444444,2
-276.94604597386837,8328.99826213129,69.0,2
-238.7631947930895,8346.065342889775,69.0,2
-212.0,8362.0,70.1166656,2
-196.08859469172998,8375.366786567887,71.0,2
-180.18756267012367,8396.930441869756,72.0,2
-170.0,8417.0,72.5583328,2
-163.21303128404625,8434.2979487489,73.0,2
-155.06713095897763,8462.367852182895,69.0,2
-150.0,8485.0,67.8833344,2
-147.0929531688016,8501.877387197928,67.0,2
-144.19899969647022,8526.756604866065,64.0,2
-144.0,8529.0,64.07777706666667,2
-142.0,8579.0,65.63333262222223,2
-142.22310002522838,8593.933057669725,66.0,2
-145.0,8643.0,67.93999872,2
-152.6249305769604,8693.75081967712,70.0,2
-157.0,8717.0,71.781248,2
-162.82931375374707,8745.627884086705,75.0,2
-170.0,8776.0,76.3374992,2
-175.5179593426874,8798.676478523941,77.0,2
-185.0,8836.0,89.5124896,2
-185.37759935078896,8837.413173055467,90.0,2
-202.0,8897.0,97.52142445714286,2
-206.42701861754057,8913.267808336373,99.0,2
-226.0,8987.0,108.73040695999416,2
-232.38136148231533,9012.498873491433,115.0,2
-237.0,9031.0,118.05357348571428,2
-252.29971521449323,9089.67680113766,124.0,2
-256.0,9104.0,125.57500288,2
-276.61514317534187,9185.022842876677,133.0,3
-301.5744571173013,9285.16949856189,141.0,3
-303.0,9291.0,141.79165653333334,3
-323.0,9375.0,158.68054542222222,3
-324.51403684182793,9381.072081030989,160.0,3
-336.0,9428.0,167.1093672,3
-346.0983088766481,9477.6590275027,173.0,4
-349.0,9492.0,174.40000256,4
-365.62441945722395,9572.603487046026,181.0,4
-371.0,9601.0,183.19999232,4
-383.043698141308,9675.03114924183,189.0,4
-395.0,9756.0,195.20000256,4
-398.7800605813158,9780.567848401142,197.0,4
-400.0,9789.0,197.32142445714285,4
-415.48930208342637,9958.624054924394,203.0,5
-419.0,10015.0,207.7499904,5
-421.9051255914966,10069.4207551909,213.0,5
-424.7843093140211,10148.604936852416,219.0,5
-425.0,10157.0,219.2678537142857,5
-427.0,10281.0,222.8214262857143,5
-427.2767431479406,10322.606392028289,224.0,5
-427.08121366760815,10423.026351490447,227.0,5
-427.0,10432.0,227.4666624,5
-424.2593735726232,10580.903820855083,235.0,5
-422.0,10652.0,238.32499626666666,5
-418.6749626499933,10726.987610381855,242.0,6
-416.0,10772.0,243.1571401142857,6
-402.0,10976.0,247.01428297142857,6
-399.40984327889134,11011.753831319105,248.0,6
-394.9206204736115,11064.960880925999,248.0,6
-391.0,11101.0,250.81999616,6
-383.7532991305155,11166.722837227842,254.0,6
-351.0,11419.0,259.70833066666665,6
-312.8326561302161,11619.870366731866,264.0,6
-282.560281157478,11755.475690458932,267.0,6
-277.0,11779.0,267.4249984,6
-249.84106609626986,11881.91264938261,270.0,7
-228.55524029386788,11950.270800359523,273.0,7
-223.0,11968.0,273.33999872,7
-186.76245950140049,12078.08113024489,275.0,7
-174.0,12112.0,275.50999808,7
-93.0,12312.0,277.90999808,7
-90.3100415679409,12318.437758016564,278.0,7
-33.40717640085218,12446.56383164927,279.0,7
17.0,12536.0,282.8999978666667,7
19.062305103859,12539.797212597647,283.0,7
47.0,12591.0,283.6166656,7
114.7643042513967,12704.393314587136,285.0,7
129.0,12727.0,285.34085101113635,7
273.0,12937.0,288.5488726049713,7
297.1318121755729,12968.352711542213,289.0,7
391.6216629963765,13083.733193302916,291.0,7
438.0,13136.0,291.6250005333333,7
618.7244102346846,13314.716645081233,294.0,7
687.0,13376.0,294.9626569592111,7
754.2709870500399,13433.658324836973,296.0,8
893.0,13541.0,296.9107136,8
909.107559673845,13552.618254404597,297.0,8
1001.0,13617.0,298.4464265142857,8
1099.9924942858793,13682.596177900705,300.0,8
1112.0,13690.0,300.1249984,8
1343.706090164233,13820.605723585668,302.0,8
1450.0,13877.0,302.4791669333333,8
1530.8921688130629,13917.800509613402,303.0,8
1650.0,13969.0,304.8214272,8
1665.6322598879515,13975.471185685923,305.0,8
1839.0,14043.0,306.79166506666667,8
1864.6409985308785,14051.843483489043,307.0,8
2067.0,14115.0,307.0,8
2096.1628837829603,14123.14931727257,307.0,8
2279.1295245478063,14168.327508892437,309.0,8
2496.1654682734415,14212.258088057104,310.0,8
2515.0,14216.0,310.1545448727273,8
2618.0,14234.0,311.3363630545455,8
2773.062352637128,14257.190283627571,312.0,8
3013.0,14292.0,312.8818176,8
3153.18202599676,14309.519019755175,314.0,8
3222.0,14316.0,315.4249984,8
3257.8765857036637,14319.273320178234,316.0,8
3379.0,14330.0,316.8374992,8
3542.9544156504103,14343.467766989068,318.0,8
3660.0,14353.0,318.0,8
3682.92875495868,14354.914048545608,318.0,8
3766.0,14362.0,318.46999936,8
3858.4874617190317,14370.269964794505,319.0,8
4013.0,14384.0,319.48333297777776,8
4164.0,14396.0,319.9277774222222,8
4187.800198743114,14397.871353273764,320.0,8
4305.0,14407.0,320.33499968,8
4517.0,14422.0,320.98499968,8
4522.214257545791,14422.368410991947,321.0,8
4588.0,14427.0,320.73571474285717,8
4771.373468969557,14438.410546936244,320.0,8
4819.0,14441.0,318.8187528,8
4959.0,14448.0,315.3187528,8
5051.559667216872,14452.9551479316,313.0,8
5148.0,14458.0,308.7250048,8
5185.034842166126,14459.718829282567,307.0,8
5309.181649471398,14464.565912469918,294.0,8
5397.0,14468.0,291.18000384,8
5516.001395938656,14472.913404081204,288.0,8
5661.0,14479.0,276.4289742238525,8
5787.385990639334,14483.940293702226,257.0,8
5845.0,14486.0,248.6109580715612,8
5960.0,14490.0,235.5935264589599,8
6020.880235686826,14491.793356354001,228.0,8
6123.262036348974,14494.711797527489,203.0,7
6131.0,14495.0,202.40000768,7
6203.0,14498.0,196.79999744,7
6224.814236805438,14498.850902336717,195.0,5
6333.0,14504.0,177.80001536,5
6457.0,14515.0,163.39999488,5
6460.087402452853,14515.348857053863,163.0,4
6585.8154827381595,14539.83493359051,151.0,3
6625.0,14551.0,139.3749952,3
6636.005144559401,14553.982337644617,136.0,3
6712.356076511998,14580.189647736795,124.0,3
6718.0,14583.0,123.51786331428572,3
6824.0,14644.0,115.16071222857143,3
6825.23562041444,14644.741540992085,115.0,3
6841.607438708096,14655.348892821392,110.0,3
6850.0,14668.0,108.69444622222223,3
6908.3859036632,14759.572934946546,105.0,3
6911.0,14764.0,104.80000182857142,3
6937.092254040475,14818.991752107553,101.0,3
6950.0,14846.0,101.9624992,3
6950.660416206889,14847.193499503783,102.0,3
6982.0,14893.0,106.8499968,3
7065.0,14974.0,113.3499968,3
7071.49345331734,14979.627011639932,114.0,3
7123.0,15013.0,112.43000064,3
7143.99737955354,15024.916277438408,112.0,3
7189.0,15049.0,112.0,3
7190.761853098532,15049.836355477039,112.0,3
7242.0,15071.0,113.73999872,3
7249.807960140733,15073.894176979557,114.0,3
7316.0,15096.0,118.86363345454545,3
7381.0,15114.0,123.409088,3
7389.745035318564,15116.160593818913,124.0,3
7459.634468485327,15131.560787066948,133.0,3
7487.0,15137.0,135.58999552,3
7535.612433005018,15146.116773325512,140.0,3
7557.0,15150.0,142.6999936,3
7630.0,15163.0,151.6999936,3
7632.470465774285,15163.440775781755,152.0,4
7697.0,15175.0,157.7749952,4
7734.702190273804,15181.71294202592,161.0,4
7768.0,15188.0,164.0062448,4
7870.0,15211.0,172.9437448,4
7882.133198785754,15214.08889674444,174.0,4
8005.0,15249.0,182.48434150520578,4
8116.0,15283.0,189.19832953252458,4
8128.662981356682,15286.702384968863,190.0,4
8168.0,15298.0,192.41270548925294,4
8361.0,15357.0,203.84127194212198,4
8363.459565557216,15357.782969155865,204.0,5
8438.0,15382.0,206.76785828571428,5
8506.030580525121,15405.036406716044,209.0,5
8537.0,15416.0,211.4062416,5
8596.019620533456,15437.947728664365,216.0,5
8661.0,15463.0,218.30000128,5
8709.620683204457,15481.819934329827,220.0,5
8764.0,15503.0,222.11110684444444,5
8912.0,15561.0,227.8888903111111,5
8914.937311129312,15562.124400639454,228.0,5
9008.0,15597.0,230.32500096,5
9156.969145012601,15649.886064667035,234.0,5
9166.0,15653.0,234.22499712,5
9266.0,15687.0,236.62499712,5
9284.133355804723,15693.142724918403,237.0,6
9419.038068156477,15738.838289065354,240.0,6
9506.0,15768.0,239.52500053333333,6
9576.782952920072,15791.200480205653,239.0,6
9680.0,15823.0,233.1500032,6
9705.580619576744,15830.673287976271,232.0,6
9774.0,15850.0,223.857152,6
9870.524270513579,15869.915531639243,212.0,6
9911.0,15876.0,208.9937552,6
9977.0,15882.0,204.1187552,6
10074.930993055852,15879.107889647965,199.0,5
10200.0,15868.0,193.2250048,5
10281.18879329092,15855.741141432825,187.0,5
10339.886336157777,15831.90780017804,185.0,5
10366.0,15820.0,181.3000064,5
10402.564349440763,15803.254149106906,177.0,5
10455.0,15777.0,175.86000128,5
10491.527804857351,15754.857443043647,175.0,5
10536.0,15724.0,174.05000106666665,5
10581.098455875665,15689.353087583051,173.0,5
10603.0,15669.0,172.6625008,5
10654.508274712844,15613.895262033053,172.0,5
10717.0,15540.0,173.1166656,5
10746.248163441483,15501.831922690228,174.0,5
10764.265911141165,15468.273060851947,178.0,5
10778.0,15439.0,180.0562472,5
10824.0,15337.0,184.8687472,5
10825.181611808586,15334.027297827817,185.0,5
10866.0,15207.0,192.2571392,5
10869.478214780182,15193.54765932334,193.0,5
10886.0,15123.0,193.0,5
10898.078921322345,15066.942941498495,193.0,5
10913.0,14970.0,199.7666616888889,5
10914.0,14958.0,200.54443946666666,5
10925.644749775556,14867.40922849049,207.0,5
10930.0,14833.0,208.3499968,5
10938.671347902942,14751.20865158137,211.0,5
10951.349847990727,14604.985727484967,215.0,5
10957.0,14535.0,216.43215929132955,5
10961.305235065569,14477.767440285881,218.0,5
10966.898290471898,14390.708545336407,222.0,5
10970.0,14350.0,223.8750016,5
10973.0,14312.0,225.3749952,5
10975.698358226093,14274.673460685039,227.0,5
10981.867743342345,14168.763534705176,230.0,5
10985.0,14122.0,230.78571154285714,5
11001.0,13902.0,233.6428544,5
11002.62385195044,13880.482134312242,234.0,5
11009.951660336848,13790.689366622773,238.0,6
11015.203844885786,13740.49511463553,241.0,6
11017.0,13723.0,241.0,6
11028.194507086808,13613.152084125099,241.0,6
11032.0,13576.0,240.3125024,6
11038.625373299763,13511.932581683324,239.0,6
11045.0,13445.0,233.062512,6
11050.120543715298,13385.949295319928,229.0,6
11062.0,13238.0,217.3749952,6
11066.78908631796,13149.258794469792,199.0,6
11067.0,13117.0,192.42000896,6
11067.31152382545,13063.76643810386,185.0,5
11067.0,13035.0,183.11000448,5
11063.445705838514,12962.6367811552,178.0,5
11061.0,12937.0,177.3250016,5
11054.305197616406,12887.64275087603,176.0,5
11042.0,12827.0,170.9750048,5
11028.985028426121,12780.336155674246,167.0,5
11001.0,12707.0,164.10000213333333,5
10988.0792696314,12680.594041273207,163.0,5
10943.0,12607.0,160.5750016,5
10930.857074919426,12590.232555690194,160.0,5
10916.0,12571.0,160.44999893333335,5
10860.511795487164,12509.413301490564,162.0,5
10856.0,12505.0,162.3062472,5
10745.419251374029,12414.541740925128,169.0,5
10732.0,12405.0,170.17691864615384,5
10268.668958819824,12152.320103658623,205.0,5
10262.0,12149.0,205.38499648,5
10117.0,12076.0,212.53499648,5
10002.111967219389,12016.338088306138,216.0,5
9990.0,12010.0,216.3499968,5
9753.272284405895,11881.891110377383,228.0,5
9748.0,11879.0,228.2333312,5
9603.477767377977,11800.835844732703,234.0,5
9531.0,11762.0,236.84999424,5
9426.892091398355,11706.275934092213,240.0,6
9354.0,11667.0,241.8750016,6
9259.156796781323,11614.908809547187,245.0,6
9149.0,11552.0,247.9375008,6
9120.40755301554,11535.558853991131,249.0,6
9079.006102577849,11511.666459231255,253.0,6
8964.0,11446.0,256.88888462222224,6
8762.0,11331.0,260.8888903111111,6
8757.602892805455,11328.495146930096,261.0,6
8674.691456373397,11281.102895799486,264.0,6
8621.0,11251.0,266.32500096,6
8592.57998682237,11235.15489259387,267.0,7
8343.138259112902,11096.229820056618,271.0,7
8332.0,11090.0,271.26249664,7
8140.52996850778,10980.951414474874,278.0,7
8132.0,10976.0,278.1249984,7
7980.650024245177,10887.67108857351,280.0,7
7971.0,10882.0,280.2333312,7
7850.0,10810.0,283.2333312,7
7819.348524900745,10791.209260996158,284.0,7
7730.0,10735.0,285.33999872,7
7584.0,10638.0,287.53999872,7
7554.494857109494,10616.900945803107,288.0,7
7545.0,10610.0,288.13999872,7
7382.577410658261,10487.710946573874,290.0,7
7239.0,10376.0,291.73999872,7
7146.534219760429,10299.586459734657,294.0,7
7125.0,10282.0,294.40499904,7
6947.0,10138.0,296.50499904,7
6873.735838211928,10075.463829021644,297.0,8
6746.0,9965.0,297.85499904,8
6641.641716179058,9873.419983319602,300.0,8
6608.0,9844.0,300.9249984,8
6476.502909259961,9729.811920215512,303.0,8
6366.0,9634.0,303.66999936,8
6324.432229399913,9597.93502076948,304.0,8
6199.0,9489.0,306.05499904,8
6121.8576268792995,9422.074983277083,307.0,8
6032.0,9344.0,307.0,8
5937.913966697629,9262.004717426073,307.0,8
5916.0,9243.0,307.0,8
5800.0,9143.0,307.0,8
5736.099028055882,9087.4773276598,307.0,8
5620.0,8986.0,307.9666659555556,8
5452.382558879968,8839.950203504066,309.0,8
5426.0,8817.0,308.83000064,8
5335.747525662213,8738.702577805985,308.0,8
5255.345640298707,8668.994272512246,308.0,8
5245.0,8660.0,308.06223988374836,8
5040.309871556148,8481.737873313732,309.0,8
4974.0,8424.0,308.7347666271503,8
4823.487543307688,8293.13911640357,308.0,8
4715.0,8199.0,308.0,8
4668.541783924901,8158.722160452059,308.0,8
4586.0,8087.0,308.5468744,8
4442.552415120879,7962.156301283899,309.0,8
4332.0,7866.0,308.6406248,8
4235.215512816773,7782.2155397561455,308.0,8
4114.0,7677.0,307.34722204444444,8
3970.19083485812,7551.552387788121,307.0,8
3934.0,7520.0,306.7613632,8
3755.0,7365.0,304.04090996363635,8
3752.0476470997264,7362.441785928547,304.0,8
3592.0,7223.0,298.22727563636363,8
3567.0,7201.0,297.31818472727275,8
3481.8464396089266,7126.90194498314,294.0,8
3358.0,7020.0,292.1812512,8
3251.809473906773,6927.51302732711,291.0,8
3179.0,6864.0,282.7750112,8
3103.048615973399,6797.83414511365,270.0,8
3020.0,6725.0,249.5388992,8
2972.0350430753556,6682.360706753278,241.0,8
2947.0,6660.0,235.87001216,8
2882.931489819632,6602.302351786551,222.0,7
2839.0,6561.0,214.3625104,7
2722.2162066154356,6444.0060680063025,196.0,6
2709.0,6430.0,194.937504,6
2676.3599305896405,6392.748517215442,191.0,5
2654.0,6362.0,184.8583392,5
2633.033061223242,6331.408745098766,180.0,5
2576.0,6206.0,174.29166933333335,5
2549.0420124254715,6054.6923855174055,170.0,5
2548.0,6047.0,169.9125008,5
2543.8913236946214,6000.466874310356,169.0,5
2545.0,5969.0,169.74444373333333,5
2545.6717307888844,5860.302378486244,171.0,5
2546.0,5823.0,172.4388864,5
2546.0,5706.0,177.10555306666666,5
2544.580655055457,5675.722108345673,178.0,5
2528.0,5471.0,188.76428068571428,5
2527.6300782807016,5467.743576510259,189.0,5
2509.45096490226,5378.440049554939,193.0,5
2506.0,5368.0,193.6927096,5
2281.5871181952334,4914.137626434252,212.0,5
2276.0,4907.0,212.29999616,5
2202.329698190482,4822.709349344303,216.0,5
2196.0,4816.0,216.5624928,5
2108.0,4727.0,224.0624928,5
2061.6686856996844,4680.418004946993,228.0,5
2038.0,4655.0,228.61110897777777,5
1921.6006251448753,4501.120540524794,232.0,6
1917.0,4494.0,232.4374944,6
1855.0629152148379,4369.385176194444,239.0,6
1850.0,4355.0,239.14999808,6
1798.0,4187.0,240.55000064,6
1784.5864768043803,4137.704256903413,241.0,6
1753.4743100679304,3978.885479001952,245.0,6
1743.0,3889.0,247.718748,6
1737.1083452020846,3834.7773795205017,250.0,6
1729.0,3749.0,251.93999872,6
1728.6448743416845,3745.1056664399475,252.0,6
1704.8232635780348,3477.4250811677607,252.0,6
1704.0,3468.0,252.583328,6
1693.3830100206098,3347.75546944211,262.0,6
1691.0,3323.0,262.4249984,6
1678.9000076532104,3201.7107925879,264.0,7
1657.0,2984.0,266.6454528,7
1639.9980981517995,2799.4312989586506,270.0,7
1630.0,2682.0,274.6812472,7
1625.0718602667105,2625.5647400061325,277.0,7
1617.0092853601247,2535.226884653075,278.0,7
1615.0,2513.0,278.5666645333333,7
1595.0,2296.0,283.2333312,7
1591.451965418444,2258.6119164912957,284.0,7
1580.0,2138.0,285.9249984,7
1570.0250255222643,2025.3737071283288,288.0,7
1563.0,1948.0,288.770832,7
1539.0,1691.0,290.645832,7
1531.2015978608188,1607.5188865139216,293.0,7
1530.0,1594.0,293.30908974545457,7
1508.0,1349.0,296.03636247272726,7
1499.638286262227,1261.9136381339404,297.0,8
1489.0,1152.0,297.8374992,8
1471.748653679858,964.1142279010913,299.0,8
1470.0,945.0,299.0937488,8
1450.3402819883268,730.8566010486365,300.0,8
1444.0,662.0,300.58718669601404,8
1432.4564222544066,537.8061834520263,303.0,8
1427.0,477.0,303.96855387429275,8
1426.7436588471126,474.09894854624986,304.0,8
1412.0,308.0,305.6250005333333,8
1390.3274929175016,71.837482321908,307.0,8
1384.0,3.0,307.3437488,8
1369.828326812629,-153.79936361280565,309.0,8
1362.0,-236.0,310.2916672,8
1352.0,-339.0,311.2916672,8
1343.1697439878744,-433.03823478448106,312.0,8
1320.2492166839625,-684.2353947312164,313.0,8
1317.0,-720.0,313.0972224,8
1298.0883583974396,-928.160845012927,314.0,8
1292.0,-994.0,314.67857005714285,8
1279.0,-1134.0,315.8142848,8
1276.687338403339,-1159.1735761038126,316.0,8
1261.7280947845022,-1324.1279943862774,318.0,8
1252.0,-1432.0,317.6437504,8
1238.2558431684888,-1584.008415817161,317.0,8
1228.0,-1696.0,317.33499968,8
1202.0,-1977.0,317.98499968,8
1201.4911487255283,-1982.4867489595097,318.0,8
1186.5992581472367,-2142.9733479585475,318.0,8
1176.0,-2259.0,318.0,8
1168.9708380421296,-2336.444618152178,318.0,8
1145.2659477648467,-2597.2902634235634,318.0,8
1144.0,-2611.0,318.0,8
1127.0,-2789.0,318.0,8
1125.4507738536593,-2805.989567519846,318.0,8
1108.0,-3001.0,317.46500032,8
1085.4925264330177,-3247.660258286301,317.0,8
1084.0,-3264.0,316.9562504,8
1064.4664771748262,-3478.751750022849,316.0,8
1055.0,-3578.0,315.0375008,8
1040.9563734742785,-3721.5495293443246,314.0,8
1038.0,-3752.0,313.85833386666667,8
1023.0,-3908.0,313.10833386666667,8
1020.9111104315516,-3929.39251476202,313.0,8
1011.0,-4028.0,309.7428608,8
988.6760597217582,-4236.691583560502,305.0,8
973.0,-4381.0,302.12857417142857,8
966.1897229387017,-4444.288549368596,299.0,8
962.0,-4479.0,293.7125072,8
957.3107755382881,-4515.938143405012,290.0,8
922.0,-4755.0,265.44642285714286,8
921.1158133646419,-4759.919861685628,265.0,8
889.5810118949904,-4919.685001031457,257.0,8
881.0,-4961.0,252.9500096,8
864.1760106455299,-5035.959200628043,236.0,7
853.0,-5074.0,229.3314700244733,7
821.0,-5178.0,218.80223896561756,7
807.9640571584605,-5215.442863877556,215.0,6
775.0,-5298.0,210.4791648,6
755.4078855583983,-5340.661271289009,208.0,6
737.0,-5377.0,205.74999808,6
703.5987935660836,-5435.138508539522,202.0,6
650.0,-5511.0,197.6250048,6
593.0,-5574.0,193.6250048,6
568.4317770811015,-5597.653431751624,192.0,5
531.0,-5630.0,192.0,5
74.0,-5801.0,192.0,5
9.738038244234103,-5804.676569391029,192.0,5
-80.87399220393235,-5795.931706232315,195.0,5
-108.0,-5791.0,195.8499968,5
-282.0,-5750.0,200.3499968,5
-338.5414489261102,-5732.704581718232,202.0,5
-466.60755961954726,-5676.984585922767,208.0,5
-538.4661855419579,-5635.433194831158,210.0,5
-559.0,-5623.0,211.3499968,5
-605.6588890511987,-5593.006036849957,215.0,5
-639.0,-5569.0,216.87999744,5
-686.6222289501061,-5532.403816043901,219.0,5
-764.0,-5468.0,222.42221937777776,5
-854.0,-5381.0,226.86666382222222,5
-856.551188711105,-5378.371120800425,227.0,5
-923.0,-5305.0,228.09999908571427,5
-990.9362263317179,-5216.934968401976,229.0,6
-1099.0,-5061.0,235.23571017142856,6
-1135.0095781004725,-5003.227535698872,238.0,6
-1209.1658839073648,-4857.0419621695255,244.0,6
-1225.0,-4822.0,245.3214262857143,6
-1265.5237956762112,-4727.711644742564,249.0,6
-1308.0,-4615.0,253.16110862222223,6
-1340.4313437998094,-4518.256322624528,256.0,6
-1352.0,-4481.0,256.0,6
-1380.4440011373365,-4380.179365760585,256.0,6
-1397.0,-4315.0,258.3499968,6
-1407.0,-4273.0,259.8499968,6
-1420.82279421819,-4209.721446278492,262.0,6
-1451.0,-4043.0,264.14463683106425,6
-1468.4839697704458,-3906.2467384199913,266.0,7
-1474.0,-3852.0,267.48000256,7
-1482.1259196422761,-3758.026579713988,270.0,7
-1484.0,-3732.0,270.6071451428571,7
-1493.6059427844511,-3531.3278127512262,275.0,7
-1494.0,-3519.0,275.1757305638211,7
-1498.4918878236217,-3306.3031188811315,278.0,7
-1500.0,-3163.0,279.87499794285714,7
-1500.2120429555955,-3100.4136097298165,281.0,7
-1499.5972696776519,-3023.1950441081244,284.0,7
-1499.0,-2974.0,284.75000064,7
-1497.5851988602103,-2868.717833847988,286.0,7
-1495.0,-2720.0,287.72222293333334,7
-1489.958225192984,-2538.0575964805516,290.0,7
-1485.0,-2393.0,291.6250005333333,7
-1481.77076596633,-2299.5953857155905,293.0,7
-1479.0,-2230.0,293.47499946666665,7
-1474.6743285080324,-2133.5264878690514,294.0,7
-1467.0,-1984.0,296.4166648888889,7
-1459.0,-1852.0,298.6388871111111,7
-1457.6965787749584,-1830.5893279327956,299.0,8
-1444.0,-1603.0,301.5687488,8
-1441.5824892248222,-1564.475688717975,302.0,8
-1433.0,-1435.0,302.76999936,8
-1430.2055109297194,-1396.2466952772554,303.0,8
-1423.0,-1300.0,304.4249984,8
-1420.1176380261807,-1261.030635358995,305.0,8
-1413.0,-1164.0,305.56999936,8
-1407.5360388761644,-1090.1918455367586,306.0,8
-1399.0,-978.0,307.33999872,8
-1394.88275746427,-926.4056333525608,308.0,8
-1382.0,-773.0,308.0,8
-1379.3446822267838,-741.8740345068795,308.0,8
-1357.0,-481.0,309.93999872,8
-1345.5129881507535,-343.7849073043949,312.0,8
-1338.0,-257.0,313.44999893333335,8
-1333.6872664815203,-209.2172851055331,314.0,8
-1319.0,-48.0,314.86999936,8
-1316.5035817505993,-20.334589584206572,315.0,8
-1291.0,265.0,316.8142848,8
-1288.8361489716058,289.2710764466548,317.0,8
-1276.1080915923721,432.1504479215509,318.0,8
-1265.0,564.0,318.48499968,8
-1255.0,687.0,318.83499968,8
-1249.2368097741276,754.3388056474613,319.0,8
-1227.0,1005.0,319.7312496,8
-1221.1146871855776,1074.6680959773828,320.0,8
-1210.3086849391655,1208.6897427192102,320.0,8
-1208.0,1236.0,320.2124992,8
-1186.0,1485.0,321.8437488,8
-1183.9391177625955,1507.8341796917482,322.0,8
-1178.0,1574.0,322.2669042031383,8
-1162.8318262568996,1755.1311702160413,323.0,8
-1160.0,1789.0,323.1062504,8
-1134.0,2093.0,323.9812504,8
-1133.5539036075072,2098.1743190572993,324.0,8
-1121.460180800371,2237.642954478559,324.0,8
-1109.0,2380.0,324.4827589250891,8
-1086.1743128872745,2640.7863145696956,325.0,8
-1079.0,2723.0,325.2291658666667,8
-1061.7068598256587,2922.801740767365,326.0,8
-1048.0,3084.0,326.7968744,8
-1044.6823355800045,3122.8830808459734,327.0,8
-1034.2986502261174,3244.3326289622946,327.0,8
-1031.0,3283.0,326.8035721142857,8
-1014.3306098372913,3478.8573530397175,326.0,8
-1011.0,3518.0,326.0,8
-988.0,3788.0,326.0,8
-979.1724827821843,3891.110653764571,326.0,8
-960.2428204969077,4110.517394483584,324.0,8
-957.0,4148.0,324.0,8
-947.337721275415,4259.490664865665,324.0,8
-935.034981262181,4400.746139398407,324.0,8
-929.0,4470.0,323.85000035555555,8
-904.0,4757.0,323.35000035555555,8
-893.0078130586304,4883.882618547963,323.0,8
-886.8225438145718,4956.825379268971,323.0,8
-881.0,5024.0,322.52500053333335,8
-871.3419329495068,5134.5796167872495,322.0,8
-867.0,5185.0,322.0,8
-855.0,5327.0,322.0,8
-850.1785729611008,5382.459381805201,322.0,8
-841.0,5487.0,320.5750016,8
-836.5051225719868,5539.093823965389,320.0,8
-808.0,5875.0,318.5888896,8
-799.0157082205893,5981.455176741871,318.0,8
-783.0,6171.0,313.406252,8
-781.8571934994538,6184.309769420366,313.0,8
-775.5915503781989,6256.255490909818,310.0,8
-761.0,6428.0,304.0555591111111,8
-742.748161608106,6647.075662220655,300.0,8
-739.0,6692.0,298.47000576,8
-727.3171089987707,6830.675287654255,291.0,8
-718.0,6940.0,270.28637265454546,8
-708.2992414235281,7058.402525971816,260.0,8
-706.0,7086.0,258.4687472,8
-698.6918363367668,7171.147263486113,253.0,8
-694.0,7226.0,247.897954089499,8
-678.0,7419.0,232.93198293797485,8
-671.6511185790074,7496.596233383239,223.0,8
-665.0,7577.0,202.1357248,8
-663.9801154224803,7588.9866649879095,200.0,8
-657.0,7670.0,185.562488,8
-649.8445758236614,7750.346881098728,170.0,7
-645.0,7801.0,160.93723074484197,7
-639.515719437858,7853.589703779949,151.0,4
-637.0,7876.0,147.15001344,4
-629.9078836014211,7933.060491805932,137.0,3
-628.0,7946.0,135.906248,3
-622.0,7981.0,132.781256,3
-620.3577426464583,7989.497718842112,132.0,3
-605.3790543430154,8054.09052767992,121.0,3
-601.0,8070.0,118.52500864,3
-589.1331379536913,8107.489550308868,112.0,2
-574.0,8141.0,107.48214034285715,2
-539.177862671959,8201.123811221732,101.0,2
-536.0,8206.0,100.3125088,2
-494.8703260302203,8255.712924296597,90.0,2
-456.0,8280.0,86.10909323636363,2
-404.0580308845412,8299.235368785643,82.0,2
-363.0,8310.0,76.18000384,2
-361.9420499800488,8310.241974444982,76.0,2
-338.4209161558103,8314.681290558883,74.0,2
-319.1658163391336,8317.144310198435,73.0,2
-304.0,8320.0,73.39166613333333,2
-284.0,8325.0,73.8083328,2
-272.69615948350275,8329.270249556617,74.0,2
-213.0,8361.0,77.05714102857142,2
-199.73791296181722,8370.250274936783,78.0,2
-180.6536205932065,8389.844440401272,79.0,2
-168.97558221370684,8417.20929604622,75.0,2
-167.0,8423.0,74.49000192,2
-157.39075880000607,8456.026649708876,72.0,2
-145.9907253306204,8507.14713536417,70.0,2
-145.0,8513.0,69.43333546666666,2
-142.3282712506685,8541.108214210215,66.0,2
-142.0,8558.0,67.03636247272728,2
-142.0,8592.0,68.6727261090909,2
-143.07391501284374,8620.718391262797,70.0,2
-145.0,8643.0,72.8499968,2
-150.0,8676.0,76.8499968,2
-154.42152403027706,8699.526499714202,79.0,2
-171.0,8779.0,86.937496,2
-180.85820815256733,8821.017595007794,94.0,2
-189.0,8851.0,99.79800830691404,2
-201.0,8894.0,105.78304666861592,2
-207.87742079569102,8919.881869286392,109.0,2
-223.0,8978.0,116.2750048,2
-231.84516067028576,9009.770752756038,121.0,2
-237.0,9029.0,123.42999424,2
-257.8598299764725,9110.409302792847,130.0,2
-275.0,9178.0,134.187496,2
-276.98762021197086,9185.725392331347,135.0,3
-287.0,9225.0,145.55639505862334,3
-312.40810067079707,9331.49936954571,153.0,3
-327.0,9393.0,157.41070537142858,3
-342.82097730603084,9460.261679274867,166.0,4
-355.0,9519.0,177.7500032,4
-355.4000653245119,9521.006901097506,178.0,4
-374.0,9618.0,185.80000256,4
-374.464593883063,9620.62880020101,186.0,4
-390.9365365133307,9725.320643585737,193.0,4
-399.0,9785.0,196.35416853333334,4
-406.8492836730978,9849.887079843376,200.0,4
-411.0,9895.0,202.7749952,4
-415.3303497222045,9957.976792492776,206.0,4
-420.0,10044.0,209.98999552,4
-422.4746436956556,10096.611993140245,213.0,5
-425.3119208945324,10188.297174364765,218.0,5
-426.0,10224.0,219.58571154285715,5
-427.2199351067669,10340.74857665202,224.0,5
-427.0,10398.0,225.8499968,5
-425.5339093397098,10519.427905651512,229.0,5
-424.0,10591.0,231.1583296,5
-418.68885904399747,10726.6595165816,236.0,6
-412.0,10842.0,240.8499968,6
-411.83984805751004,10844.833643639251,241.0,6
-406.48012544710093,10933.847314551489,246.0,6
-401.0,10992.0,247.87999744,6
-367.0788878577597,11300.934758733989,254.0,6
-364.0,11327.0,254.66110862222223,6
-344.0,11461.0,260.49444195555554,6
-341.20307459964386,11476.424797313573,261.0,6
-317.0,11604.0,264.47999744,6
-313.0758592044144,11623.246793091332,265.0,6
-280.56309696866214,11766.877061160196,268.0,7
-278.0,11777.0,268.1749984,7
-220.0,11979.0,271.6749984,7
-214.51246308745337,11996.387868146052,272.0,7
-170.0,12123.0,274.60999808,7
-159.7668333151561,12148.857003974352,275.0,7
-62.0,12378.0,277.4249984,7
-5.614297201036993,12494.12658711742,279.0,7
68.0,12627.0,282.5666645333333,7
75.0422797538807,12639.748952973128,283.0,7
200.31649855490556,12837.813472027801,287.0,7
223.0,12868.0,287.2833344,7
380.0,13071.0,288.9500010666667,7
383.27273795189336,13075.126669650714,289.0,7
447.0,13145.0,290.4111104,7
496.8195497187274,13195.4277860023,291.0,7
624.0,13321.0,293.4250016,7
652.844760999798,13347.099297732726,294.0,8
723.0,13407.0,295.4250016,8
751.9938880118547,13430.920120927773,296.0,8
852.0,13510.0,297.2887036549078,8
908.5507582736154,13552.123531504729,298.0,8
1014.0,13626.0,299.10714331428574,8
1101.2189499468714,13682.906151920331,300.0,8
1212.0,13750.0,301.2916672,8
1344.0,13823.0,302.79166506666667,8
1362.544220699348,13832.793728282979,303.0,8
1494.0,13899.0,303.7291658666667,8
1543.9049922204044,13922.398991287238,304.0,8
1664.0,13975.0,305.28333226666666,8
1790.0,14025.0,306.6166656,8
1826.5209689995222,14038.539906128553,307.0,8
1902.0,14065.0,307.46999936,8
1989.5286712721643,14092.716955361977,308.0,8
2123.0,14130.0,308.0,8
2164.81885879797,14140.766712679253,308.0,8
2269.0,14166.0,308.0,8
2408.597881830007,14196.12654136851,308.0,8
2454.0,14205.0,308.0,8
2640.0,14238.0,308.0,8
2702.1320605274755,14248.547036368525,308.0,8
2945.0,14283.0,308.6227269818182,8
3201.0,14313.0,308.98636334545455,8
3208.201336280762,14313.829065677402,309.0,8
3302.886665535795,14324.201256632155,309.0,8
3338.0,14327.0,309.2937496,8
3527.990481280584,14342.584600150378,310.0,8
3595.0,14348.0,310.0,8
3732.0,14359.0,310.0,8
3737.8689167461657,14359.490019415494,310.0,8
4041.0,14386.0,310.0,8
4077.9939582611005,14389.26585005645,310.0,8
4247.0,14403.0,310.0,8
4385.796524296656,14412.768243298888,310.0,8
4590.2736144077835,14426.604566420885,309.0,8
4642.0,14430.0,308.8071433142857,8
4758.302325144987,14436.88583827757,308.0,8
4830.0,14441.0,306.08571611428573,8
4953.10426562331,14448.312774542688,304.0,8
4966.0,14449.0,304.0,8
5103.28812372803,14455.382392820287,304.0,8
5117.0,14456.0,303.46619888198126,8
5316.0,14465.0,294.9252716698128,8
5334.835506130222,14465.753239564614,294.0,8
5508.0,14472.0,281.46427885714286,8
5555.185414424849,14473.90842989344,279.0,8
5817.0,14485.0,260.91817192727274,8
5900.421761005904,14487.568057053195,245.0,8
5950.0,14489.0,232.437512,8
5964.579354020436,14489.521113619328,230.0,8
6134.0,14496.0,230.0,8
6137.6992121657795,14496.128632968075,230.0,8
6287.007564476036,14501.467658212687,187.0,8
6296.0,14502.0,185.5000192,8
6452.0,14514.0,163.4999936,8
6502.082325548924,14520.114605564828,155.0,5
6595.016840738251,14540.777807457082,146.0,4
6641.0,14555.0,135.56000768,4
6647.028717176758,14556.95335592391,134.0,3
6695.304926035719,14574.22778469153,127.0,3
6718.0,14584.0,125.12000256,3
6748.563705095526,14598.162196226109,123.0,3
6770.0,14609.0,120.1222272,3
6825.0,14645.0,111.56667164444444,3
6840.745805832855,14659.71641133092,109.0,3
6891.0,14722.0,106.0750016,3
6892.002972563123,14723.531449437982,106.0,3
6912.763396038593,14762.01730721781,105.0,3
6926.610329752154,14797.898763507998,101.0,3
6934.0,14815.0,101.4624992,3
6956.0,14856.0,102.4624992,3
6979.059641116471,14886.457074925556,103.0,3
7027.0,14942.0,107.27777422222222,3
7056.055724014553,14969.919591068565,113.0,3
7075.0,14982.0,113.0,3
7080.178299508823,14985.341544513569,113.0,3
7145.3909866340255,15026.550823936086,111.0,3
7155.0,15032.0,111.14166613333333,3
7211.922645391379,15059.370080242736,112.0,3
7216.0,15061.0,112.291664,3
7240.0,15070.0,113.95833066666667,3
7284.585079140743,15086.419808489307,117.0,3
7307.0,15094.0,119.312496,3
7388.604309699991,15115.553861902476,127.0,3
7395.0,15117.0,127.5249952,3
7517.0034734093915,15142.803878625968,136.0,3
7523.0,15144.0,136.6999936,3
7565.15109257165,15151.735458175948,144.0,3
7604.0,15158.0,147.8499968,3
7621.758733475902,15161.060623288718,149.0,4
7716.0,15178.0,160.70000384,4
7718.346896029549,15178.438645863256,161.0,4
7790.155836099318,15192.545869533466,165.0,4
7797.0,15194.0,165.66481155276438,4
7940.0,15229.0,178.96122414825027,4
7960.780295848726,15234.97414728812,181.0,4
8039.0,15259.0,188.39499456,4
8132.0,15287.0,196.04500544,4
8156.471219924935,15294.399957403059,198.0,4
8237.0,15319.0,199.9250016,4
8239.9787722031,15319.918478865895,200.0,4
8324.0,15346.0,203.91499712,4
8445.0,15384.0,208.86500288,4
8448.361779547888,15385.118907120777,209.0,5
8601.0,15440.0,216.48975183748493,5
8646.0,15457.0,218.67653967357964,5
8695.09791133939,15475.919673459695,221.0,5
8749.0,15497.0,222.89999616,5
8803.689606227219,15518.597363048664,225.0,5
8877.0,15547.0,225.95833386666666,5
9102.0,15631.0,227.94999893333335,5
9106.338139325282,15632.594037500749,228.0,5
9195.322097056605,15663.903932061534,234.0,5
9238.0,15678.0,234.8142848,5
9339.325968653984,15711.969821923414,236.0,6
9375.0,15724.0,237.0124976,6
9443.155055185798,15747.081057062025,239.0,6
9575.0,15791.0,234.54166933333335,6
9590.74550191119,15796.019289940752,234.0,6
9720.0,15835.0,220.38182632727273,6
9837.0,15864.0,208.92728087272727,6
9871.42150111519,15869.48820079916,206.0,6
10021.0,15883.0,201.958336,6
10048.739218613297,15884.265345858179,201.0,5
10153.033060738386,15877.042473168462,189.0,5
10198.0,15868.0,186.1500032,5
10299.434072649601,15843.92145134555,181.0,5
10306.0,15842.0,180.72000256,5
10389.54399433688,15809.696750228104,177.0,5
10397.0,15806.0,176.8250016,5
10515.0,15739.0,174.3250016,5
10567.0901128474,15701.121077114194,172.0,5
10590.0,15680.0,171.06000128,5
10625.026323726208,15647.181875103704,170.0,5
10651.0,15621.0,171.73064216774193,5
10894.17947270875,15072.884525471192,199.0,5
10906.0,15012.0,201.14953433510965,5
10915.0,14957.0,203.0186888012339,5
10924.170980575544,14886.054628317872,205.0,5
10939.80286507901,14733.157536182736,209.0,5
10944.0,14691.0,210.6444472888889,5
10953.0,14596.0,216.42221937777776,5
10953.897145469055,14584.394656951106,217.0,5
10964.0,14438.0,219.50714422857143,5
10966.618618733663,14398.931813103265,220.0,5
10978.0,14227.0,224.8500032,5
10978.261461741495,14222.942495727319,225.0,5
10985.368088170015,14109.218303091957,231.0,5
10989.0,14061.0,231.26523337284968,5
11004.931095661763,13861.932556210764,232.0,6
11006.0,13849.0,232.26249664,6
11023.134895729667,13664.635801869334,239.0,6
11027.0,13626.0,239.4624992,6
11032.3535381618,13571.8815150855,240.0,6
11040.0,13493.0,237.964288,6
11050.005306873198,13384.302367294582,235.0,6
11053.0,13350.0,230.68001024,6
11060.382990136875,13258.736803245727,219.0,6
11061.0,13250.0,218.09000832,6
11066.0,13164.0,208.99000832,6
11067.046380033218,13138.004833654124,206.0,6
11067.0,13034.0,190.48001024,6
11066.838654557081,13030.484319084257,190.0,5
11052.0,12875.0,182.38000384,5
11039.312343473734,12812.657231787594,178.0,5
11017.0,12747.0,173.958336,5
10984.0,12672.0,170.208336,5
10946.396306492561,12615.498347808685,168.0,5
10867.0,12516.0,167.3937504,5
10838.974720615293,12485.404355963954,167.0,5
10805.0,12459.0,169.1749984,5
10749.685355544767,12417.104653705792,171.0,5
10727.0,12401.0,172.79999573333333,5
10648.690726841642,12351.639800828592,179.0,5
10634.0,12343.0,179.9562464,5
10545.0,12293.0,185.5812464,5
10506.708772099071,12272.6682083317,188.0,5
10431.387367313206,12234.268503922573,191.0,5
10413.0,12225.0,191.99166293333334,5
10285.949144115606,12161.418510605898,198.0,5
10245.0,12141.0,201.6999936,5
10204.961559162877,12121.060920795646,206.0,5
10110.0,12073.0,210.17856914285716,5
10085.899551369757,12060.444121653958,211.0,5
9983.0,12006.0,218.6562416,5
9903.843897010485,11963.168952149088,225.0,5
9852.0,11935.0,226.578944457209,5
9752.0,11881.0,229.57063899313266,5
9712.246785346668,11859.597319506376,231.0,6
9672.0,11838.0,232.8500032,6
9455.22544292109,11722.07516830851,239.0,6
9414.0,11700.0,240.1812472,6
9301.394288497839,11639.14029243492,246.0,6
9246.0,11608.0,248.60555306666666,6
9113.0,11532.0,252.88333582222222,6
9109.250994128415,11529.833384760866,253.0,6
9003.0,11468.0,255.48571245714285,6
8939.673695575411,11431.264212227486,257.0,6
8878.0,11396.0,259.3565423319813,6
8674.0,11282.0,265.8746534373877,6
8670.5378014298,11280.06582542231,266.0,7
8466.0,11165.0,271.60999808,7
8450.041637717492,11156.05441105655,272.0,7
8334.0,11091.0,274.60999808,7
8316.718238606685,11081.241117469644,275.0,7
8281.0,11061.0,275.77142674285716,7
8129.6823074121,10974.458437476389,279.0,7
8094.0,10954.0,279.843748,7
7973.0,10884.0,282.656248,7
7905.440443613438,10843.397537088107,284.0,7
7718.0,10727.0,285.6714276571429,7
7690.87280887685,10709.709743880518,286.0,7
7598.0,10648.0,288.4249984,7
7572.716978113852,10630.542949880832,289.0,7
7442.0,10536.0,290.93999872,7
7437.194638583154,10532.34156029845,291.0,7
7218.153716477154,10358.331469326153,293.0,7
7162.0,10313.0,293.9249984,7
7076.6940323221625,10244.09054736132,296.0,8
6996.0,10178.0,296.89166613333333,8
6983.383578613681,10167.555987713336,297.0,8
6845.0,10051.0,299.13999872,8
6653.109295764717,9884.141844324977,301.0,8
6606.0,9843.0,301.26999936,8
6523.908645398729,9771.290661585106,302.0,8
6466.728094630397,9721.398985857595,304.0,8
6441.0,9699.0,304.22499946666665,8
6326.0,9599.0,304.97499946666665,8
6322.035671255272,9595.558284660867,305.0,8
6236.0,9521.0,306.00499904,8
6133.0,9432.0,307.20499904,8
6042.720195106833,9353.50349862264,308.0,8
5846.603576533686,9182.28324529532,308.0,8
5797.0,9139.0,308.36999936,8
5748.813671474274,9097.05472500739,309.0,8
5706.0,9060.0,309.2591167458416,8
5498.0,8880.0,309.8733202761852,8
5462.2538377520505,8849.090050922832,310.0,8
5394.0,8790.0,310.0,8
5313.335973975767,8720.008000021984,310.0,8
5173.0,8598.0,310.0,8
5040.06617024172,8481.352517554527,310.0,8
4940.0,8394.0,310.0,8
4925.366572982987,8381.456716409755,310.0,8
4835.0,8304.0,310.0,8
4702.856745335578,8188.93627188747,310.0,8
4640.0,8134.0,310.0,8
4557.005917662292,8061.48320994737,310.0,8
4425.712557256291,7947.502294454782,310.0,8
4417.0,7940.0,309.9464292571429,8
4338.0,7872.0,309.51785782857144,8
4211.992946581199,7762.497880052784,309.0,8
4075.0,7643.0,308.14444515555556,8
3946.672691009403,7531.360850156709,307.0,8
3870.110135688455,7465.014071737492,307.0,8
3817.0,7419.0,306.66428617142856,8
3697.7568424528495,7315.615343525976,306.0,8
3689.0,7308.0,305.84444586666666,8
3548.0,7185.0,303.4000014222222,8
3432.0564414834207,7084.155178471158,302.0,8
3372.0,7032.0,301.3833344,8
3297.663111842527,6967.648099513763,300.0,8
3259.0,6934.0,294.5166741333333,8
3172.7933653439427,6858.490902975673,286.0,8
3138.0,6828.0,279.82858605714284,8
3006.1803490743628,6712.554110444067,254.0,8
3001.0,6708.0,252.87223253333335,8
2954.0,6666.0,235.15001031111112,8
2897.320411828147,6615.035860976458,225.0,7
2871.0,6591.0,220.50001066666667,7
2791.9976074832803,6515.90277784171,205.0,7
2771.0,6495.0,203.07143314285713,7
2705.0,6425.0,196.64286171428571,7
2689.3577757893954,6406.378372424452,195.0,5
2628.331022284451,6321.683498301323,187.0,5
2606.0,6282.0,185.2375024,5
2593.138519258336,6254.541031978843,184.0,5
2570.7684075521215,6188.106559702947,180.0,5
2563.0,6155.0,178.5611136,5
2546.0,6016.0,173.11666915555554,5
2545.8675587372272,6012.975996398867,173.0,5
2545.0,5936.0,174.39999883636364,5
2545.0,5846.0,176.03636247272726,5
2545.66870296967,5787.620552812058,177.0,5
2546.0,5736.0,180.15788891441798,5
2544.0,5655.0,185.47644941410738,5
2539.4151713307683,5590.4573455433265,189.0,5
2524.550675615399,5455.170035482384,193.0,5
2520.0,5425.0,193.22499946666667,5
2503.051024745057,5346.974859313121,194.0,5
2484.169378119467,5291.7945540659975,196.0,5
2476.0,5269.0,196.6136349090909,5
2444.0,5187.0,198.43181672727272,5
2368.0,5038.0,200.93181963636363,5
2366.0148210046623,5034.455616404307,201.0,5
2241.3619265641896,4865.8833521491215,214.0,5
2236.0,4860.0,214.3499968,5
2211.0,4833.0,215.8500032,5
2062.5836574752475,4683.324203553934,222.0,5
2020.0,4636.0,224.79245653636968,5
1977.7154206913492,4583.630193815492,228.0,6
1873.6394149481735,4408.834194712837,231.0,6
1866.0,4393.0,231.70833066666665,6
1802.0,4201.0,240.87499733333334,6
1801.1079014261154,4197.460558149529,241.0,6
1775.9017204140216,4091.3532913258305,244.0,6
1771.0,4068.0,244.531248,6
1752.0,3959.0,247.031248,6
1741.463737570625,3872.5661056284102,249.0,6
1739.0,3849.0,249.48571245714285,6
1726.0,3708.0,252.3428553142857,6
1723.025666339882,3675.100777669983,253.0,6
1717.0,3609.0,253.46999936,6
1710.7327770652978,3540.427421488562,254.0,6
1704.0,3468.0,256.937496,6
1677.774504005934,3192.484715770441,264.0,6
1660.0,3009.0,266.4166648888889,6
1652.3459770626282,2934.3702513673397,269.0,7
1648.0,2889.0,271.27999744,7
1642.9809925990437,2833.2934657240858,273.0,7
1632.0,2708.0,275.30999808,7
1628.8629258940111,2671.7625402563885,276.0,7
1616.0,2524.0,279.0863616,7
1600.0,2353.0,282.5863616,7
1598.0285987445259,2332.527540631793,283.0,7
1585.0,2196.0,285.1749984,7
1575.1158182348404,2081.683045278263,287.0,7
1574.0,2069.0,287.13999872,7
1549.0,1798.0,289.73999872,7
1541.2070668640665,1717.1799886662898,291.0,7
1532.0,1620.0,292.73999872,7
1530.1041118424725,1598.9364037877058,293.0,7
1519.0,1474.0,294.9217058896412,7
1508.4616520501181,1358.8289324651753,297.0,7
1501.0,1278.0,297.5222215111111,7
1473.3971887725638,976.1410689364529,299.0,8
1466.0,896.0,300.1749984,8
1462.381849591744,857.4716563653564,301.0,8
1455.0,779.0,302.6166677333333,8
1452.3512884976956,749.174026030533,303.0,8
1434.0,544.0,305.1937512,8
1426.7922456992508,470.6528139458205,306.0,8
1424.0,442.0,306.25500096,8
1404.0,222.0,308.20499904,8
1395.777729586366,131.79845153504235,309.0,8
1379.0,-51.0,309.89166613333333,8
1376.9919998544747,-73.23997771996756,310.0,8
1365.0,-205.0,310.0,8
1364.5130537626846,-210.12867460359115,310.0,8
1350.0,-359.0,311.8709659364092,8
1341.7662270738274,-449.71609799740855,313.0,8
1336.0,-515.0,313.37500032,8
1326.284943904661,-624.664461389837,314.0,8
1319.0,-706.0,314.0,8
1304.259278147002,-866.5591901404717,314.0,8
1303.0,-880.0,314.0,8
1288.1205881389126,-1036.6615851451147,314.0,8
1275.0,-1175.0,314.0,8
1269.8121004557809,-1230.8419520903306,314.0,8
1253.0,-1419.0,315.7124992,8
1249.6924622778247,-1456.123859963058,316.0,8
1234.0,-1629.0,316.0,8
1233.4990080845573,-1634.3200352581393,316.0,8
1220.131878879677,-1773.8335999961826,316.0,8
1219.0,-1786.0,316.0,8
1205.0,-1943.0,316.0,8
1201.4028039708023,-1983.2641531832537,316.0,8
1185.3966328676538,-2158.720387374025,316.0,8
1181.0,-2206.0,316.0,8
1172.2887362291976,-2298.603514874657,316.0,8
1163.0,-2398.0,316.2374997333333,8
1147.0,-2574.0,316.6541664,8
1132.2756630548558,-2729.4404132527125,317.0,8
1131.0,-2743.0,317.0,8
1117.6516384994275,-2887.235650406106,317.0,8
1113.0,-2938.0,316.85789507368423,8
1059.0106486923405,-3527.4492069849607,315.0,8
1052.0,-3602.0,314.77500053333335,8
1029.0,-3845.0,314.10833386666667,8
1025.6755315688972,-3879.7991301825937,314.0,8
1006.4091724357812,-4077.408216334907,314.0,8
987.0,-4260.0,312.1562512,8
985.1484068038308,-4276.749391961612,312.0,8
961.9013630086682,-4477.972229009305,310.0,8
955.0,-4532.0,303.062488,8
930.0,-4707.0,280.562488,8
929.3044651686057,-4711.417551991288,280.0,8
907.0,-4839.0,261.73001344,8
903.1538976527125,-4857.331363192427,259.0,8
898.0,-4881.0,256.36499008,8
856.0,-5063.0,234.66499008,8
843.5801711640277,-5110.339852355439,228.0,7
807.0,-5217.0,219.3000064,7
732.6263800658771,-5384.221320597304,210.0,6
728.0,-5394.0,209.44000512,6
693.5787048238193,-5457.535344722692,202.0,5
670.0,-5484.0,198.791664,5
647.6356297907627,-5511.0864140314725,197.0,5
571.0,-5594.0,191.17999616,5
567.9830119216103,-5596.680806107499,191.0,5
438.0,-5694.0,187.80182104028123,5
371.2785520133549,-5730.115593574126,185.0,5
338.0,-5743.0,184.60833386666667,5
268.22448058867036,-5767.890279169998,184.0,5
251.0,-5773.0,184.14166613333333,5
150.0,-5793.0,184.97499946666667,5
146.92700174789317,-5793.416004603758,185.0,5
42.767596677902105,-5801.883498522377,188.0,5
25.0,-5802.0,188.56666453333332,5
-69.0,-5796.0,191.56666453333332,5
-146.3184595178037,-5784.739391864843,194.0,5
-175.0,-5779.0,194.53999872,5
-252.44829319454956,-5758.910780536074,196.0,5
-313.0,-5739.0,199.16666311111112,5
-443.46120511815883,-5684.741390243651,206.0,5
-481.0,-5666.0,208.21999616,5
-543.0538099633911,-5631.16450766533,212.0,5
-573.0,-5612.0,213.57499626666666,5
-692.2718832360299,-5526.73766341678,219.0,5
-700.0,-5521.0,219.2624976,5
-810.9420342486667,-5427.412089032181,225.0,5
-848.0,-5387.0,226.47999744,5
-933.2495478360942,-5289.344968127992,229.0,5
-990.0,-5222.0,231.0562472,5
-1043.4303006675177,-5148.265459328409,236.0,6
-1058.0,-5125.0,237.3874976,6
-1081.006554237682,-5089.347871126753,239.0,6
-1155.0,-4964.0,242.5272704,6
-1255.0,-4754.0,246.5272704,6
-1262.5914403528282,-4737.235523782996,247.0,6
-1283.917327355514,-4685.6682212810565,251.0,6
-1296.0,-4650.0,252.87999744,6
-1318.5166499789173,-4583.206343030729,255.0,6
-1358.0,-4461.0,257.32500096,6
-1367.8431718296154,-4427.802342301877,258.0,6
-1409.0,-4266.0,260.92531277684657,6
-1409.9206893968078,-4261.83977808049,261.0,6
-1421.0,-4209.0,262.3875024,6
-1434.007435475242,-4138.225487982654,264.0,7
-1457.925951547416,-3985.031416063195,264.0,7
-1469.0,-3904.0,266.0562472,7
-1484.4320281370947,-3753.391895213753,271.0,7
-1490.166606601321,-3638.604689533652,275.0,7
-1491.0,-3617.0,275.2833344,7
-1495.1758221623666,-3473.1429041446345,277.0,7
-1497.7829628523907,-3351.7962127639516,279.0,7
-1498.0,-3341.0,279.1272715636364,7
-1500.0,-3216.0,280.5818170181818,7
-1499.0,-3043.0,282.58181934545456,7
-1498.672493845632,-3006.761469953481,283.0,7
-1497.0,-2838.0,286.5666645333333,7
-1495.0419425771838,-2722.406266979229,289.0,7
-1494.0,-2678.0,289.4920260968345,7
-1490.0,-2542.0,290.94077362139063,7
-1485.0,-2379.0,292.7630968181362,7
-1484.2650698007103,-2357.9870837757408,293.0,7
-1477.0,-2184.0,294.9454533818182,7
-1470.0,-2052.0,296.39999883636364,7
-1466.9569430438908,-1997.1054077112628,297.0,8
-1460.0,-1870.0,298.53999872,8
-1458.1183802283404,-1833.1613958894616,299.0,8
-1453.0,-1737.0,300.13999872,8
-1431.7982111196397,-1430.4458666913088,303.0,8
-1431.0,-1419.0,303.0874992,8
-1425.360101337571,-1333.9824876628568,304.0,8
-1420.0,-1258.0,304.94999893333335,8
-1397.0032174458242,-960.7747865255697,307.0,8
-1391.0,-884.0,307.6166656,8
-1382.738413251991,-777.6036883211334,309.0,8
-1376.0,-696.0,309.69999941818185,8
-1353.329965281975,-440.278972785882,311.0,8
-1350.0,-403.0,311.16999936,8
-1332.153646395969,-203.05679602701193,312.0,8
-1316.0,-21.0,313.44999893333335,8
-1303.0410036343144,129.69280580383094,316.0,8
-1301.0,153.0,316.24285622857144,8
-1278.3458454915199,408.17910138822947,318.0,8
-1267.0,539.0,318.0,8
-1260.838596753888,613.9015676204198,318.0,8
-1254.0,698.0,318.95714194285716,8
-1243.7091765122107,815.8412982813783,320.0,8
-1226.0,1017.0,320.0,8
-1225.3995072644245,1023.994883872774,320.0,8
-1202.0,1301.0,321.67142948571427,8
-1198.6671207364225,1340.1631427716754,322.0,8
-1185.0,1497.0,322.68500032,8
-1175.8112207839692,1603.9830142907506,323.0,8
-1165.0,1730.0,323.66999936,8
-1148.0,1927.0,324.77000064,8
-1143.6903822010852,1977.495944870241,325.0,8
-1122.0,2233.0,325.89166613333333,8
-1119.8161415279312,2258.5635607008317,326.0,8
-1097.9463868780213,2510.983562377958,326.0,8
-1097.0,2522.0,326.0,8
-1082.7555894443076,2688.3141226172784,326.0,8
-1080.0,2720.0,326.0,8
-1066.547436210653,2872.038049000108,326.0,8
-1064.0,2901.0,325.7874992,8
-1055.4304285941241,3000.1245253659563,325.0,8
-1047.0,3099.0,325.0,8
-1024.0,3369.0,325.0,8
-1023.3181914746999,3376.9839990380906,325.0,8
-1010.0,3531.0,324.3325742749778,8
-998.8300288335907,3660.476980631917,324.0,8
-996.0,3693.0,323.91500032,8
-967.0638347027304,4020.571574173821,323.0,8
-966.0,4033.0,322.9611114666667,8
-954.0,4176.0,322.51666702222224,8
-942.0,4319.0,322.0722225777778,8
-939.9907050446022,4342.228588604487,322.0,8
-931.0,4444.0,322.0,8
-917.8323846541954,4591.535821252573,322.0,8
-903.0,4764.0,322.0,8
-890.0,4925.0,322.0,8
-884.7964522749493,4983.89075203212,322.0,8
-874.0,5103.0,321.1625008,8
-872.0500315524935,5126.026713836607,321.0,8
-861.0,5262.0,320.14444515555556,8
-845.0,5440.0,319.0333340444444,8
-844.505615106435,5445.489698243923,319.0,8
-824.6889928938422,5671.680881981423,318.0,8
-819.0,5739.0,317.63000064,8
-810.0366664850707,5847.9352622197,317.0,8
-796.561907616022,6013.988192050341,316.0,8
-789.0,6100.0,315.4125008,8
-783.1974138310427,6163.673088554564,315.0,8
-782.0,6177.0,314.9125008,8
-766.0,6368.0,313.5375008,8
-760.4138179206631,6435.058687356836,313.0,8
-753.0,6524.0,306.5875072,8
-749.8504801700343,6562.399822214324,304.0,8
-729.1385959785262,6812.375150629444,299.0,8
-728.0,6825.0,298.1791147236982,8
-722.0,6890.0,293.80100387693653,8
-715.0416302237483,6969.213215438481,288.0,8
-705.0,7091.0,269.15001386666665,8
-693.8049473941986,7224.247145873055,249.0,8
-692.0,7246.0,244.9624848,8
-685.9855109151979,7320.14837038513,230.0,8
-684.0,7345.0,228.0874928,8
-674.1993147744425,7468.331786124046,221.0,7
-666.0,7570.0,210.73998848,7
-662.5186036904771,7610.465217908185,203.0,7
-659.0,7645.0,185.67856,7
-656.3371183035538,7676.64169211244,178.0,7
-648.0,7770.0,168.05715017142856,7
-640.6192667863169,7837.37168326164,162.0,4
-626.0,7958.0,151.3000064,4
-622.0234649810711,7986.6547269618195,142.0,3
-618.0,8001.0,136.21874,3
-585.9908185025317,8106.710830280991,117.0,3
-575.0,8140.0,113.01428845714285,3
-562.2352239877227,8168.725728537712,105.0,2
-554.0,8180.0,102.24601596413434,2
-499.0,8248.0,92.17768030211495,2
-498.0575247872783,8249.008783706124,92.0,2
-458.0,8279.0,85.75833706666667,2
-449.2956068426867,8282.956300010215,85.0,2
-397.0,8303.0,84.1625008,2
-389.014631579109,8305.747380944495,84.0,2
-361.50362227761696,8312.652734926545,81.0,2
-342.0,8314.0,81.0,2
-330.5049055100266,8315.745068433958,81.0,2
-281.0,8326.0,75.73500288,2
-251.14428165990608,8337.197892985743,72.0,2
-248.0,8339.0,72.437496,2
-207.56193357979757,8367.405889533342,77.0,2
-194.0,8379.0,77.0,2
-174.24496507324193,8400.283636163856,77.0,2
-156.44988191690175,8452.219947165213,71.0,2
-155.0,8459.0,70.3250016,2
-150.74845330585342,8478.906838113317,68.0,2
-149.0,8489.0,67.5375008,2
-146.76488078590205,8503.860033252888,67.0,2
-144.0,8527.0,67.47499946666667,2
-142.0,8603.0,68.89166613333333,2
-142.29239659496642,8608.987885091583,69.0,2
-149.13686389895702,8672.667097429703,73.0,2
-152.0,8691.0,73.93999872,2
-155.28358411293135,8709.020699101511,75.0,2
-162.41389731239633,8741.714694283071,83.0,2
-164.0,8749.0,84.0447783625165,2
-172.8936121231289,8789.835934194673,89.0,2
-176.0,8803.0,90.88999552,2
-184.53355403253923,8834.957263855771,96.0,2
-196.0,8876.0,99.8500032,2
-200.38785327176066,8892.461845508315,101.0,2
-217.0,8956.0,111.2666752,2
-225.96149323643232,8990.17186436291,117.0,2
-241.47676198310944,9048.979522345066,121.0,2
-252.0,9089.0,127.22142262857143,2
-260.4547628461736,9121.510564971426,134.0,2
-269.0,9155.0,139.0249952,2
-278.51222844088153,9192.620777675114,143.0,3
-299.0,9274.0,153.9125072,3
-311.13688400794683,9322.311972836174,161.0,3
-322.0,9368.0,165.22999424,3
-338.11257751873507,9439.32534273444,170.0,4
-356.0,9523.0,171.90000213333335,4
-371.2622330639413,9602.612122865748,174.0,4
-386.9333254414556,9700.110489029254,186.0,4
-391.0,9726.0,188.86785462857142,4
-398.8053127187443,9778.944843860854,197.0,4
-402.0,9812.0,198.22005442316578,4
-419.80385535658303,10048.098753572762,203.0,5
-423.0,10098.0,206.43570834285714,5
-425.72206707905525,10169.559040594646,216.0,5
-426.0,10219.0,218.5124976,5
-426.14338706277283,10232.59843673321,219.0,5
-427.0,10317.0,223.187496,5
-427.0627963256113,10333.829681335634,224.0,5
-426.0,10494.0,231.937496,5
-425.597569375812,10532.881674129516,234.0,5
-424.0,10598.0,235.1749984,5
-413.0,10823.0,237.9249984,5
-411.0006961383594,10874.917939088664,239.0,6
-413.0030638772962,10894.836201252814,249.0,6
-393.0,11082.0,252.86666382222222,6
-376.0,11236.0,254.6444416,6
-361.55875822234964,11362.607518622966,257.0,6
-351.1759825334196,11418.539334209423,259.0,6
-350.0,11425.0,259.3499968,6
-326.965097089431,11555.883756158044,264.0,6
-322.0,11582.0,264.4249984,6
-289.34956356403706,11731.304619160357,267.0,7
-276.0,11784.0,268.32142628571427,7
-235.0,11928.0,271.8928548571429,7
-233.6747966499991,11932.331275384347,272.0,7
-188.0,12072.0,274.0785700571429,7
-165.92892686594223,12133.125891761958,275.0,7
-134.0,12215.0,277.8499968,7
-119.87800260764732,12249.016675034794,279.0,7
-51.5191103463907,12400.758455845053,281.0,7
-32.0,12441.0,281.68322770016505,7
5.947414872906392,12515.626289764396,283.0,7
49.0,12594.0,283.4071433142857,7
97.0,12675.0,283.83571474285714,7
113.2902980963141,12702.281003408598,284.0,7
210.0,12849.0,286.9250016,7
214.31382913879483,12854.846170598115,287.0,7
376.0,13066.0,289.4250016,7
420.4994677607428,13117.836533339187,292.0,7
431.0,13128.0,292.2833344,7
671.0332426623011,13361.98524879719,295.0,7
699.0,13387.0,295.2833344,7
856.1495369252176,13513.034249056887,297.0,8
947.0,13580.0,298.2833344,8
1019.2440230414575,13634.576381747265,300.0,8
1185.0,13734.0,300.97500053333334,8
1192.8029556133802,13738.420017959028,301.0,8
1361.0,13832.0,302.4250016,8
1423.1214899387976,13865.180931487692,303.0,8
1741.1615698382332,14006.191148274893,306.0,8
1763.0,14015.0,306.22175699501065,8
1813.7728120099603,14036.480307381195,307.0,8
1891.0,14061.0,307.7124992,8
1942.1761320866658,14076.182853068494,308.0,8
2212.0,14153.0,309.38571337142855,8
2287.9049257275697,14173.272588478918,310.0,8
2348.6329538356913,14185.767226623935,310.0,8
2414.0,14197.0,310.0,8
2569.68456113894,14225.668999484475,310.0,8
2635.0,14237.0,310.0,8
2771.0,14258.0,310.0,8
2816.5311561558406,14264.59928566766,310.0,8
2993.201126005208,14289.270474956658,310.0,8
3044.0,14296.0,310.0,8
3194.848710443436,14313.279224239619,310.0,8
3233.0,14317.0,310.0,8
3421.0,14334.0,310.0,8
3459.639051305221,14337.176078725637,310.0,8
3597.001593581138,14347.879374790864,311.0,8
3611.0,14349.0,311.06999936,8
3833.386600035275,14367.459198139495,312.0,8
3990.0,14381.0,312.0,8
4069.8319445085076,14388.48392147877,312.0,8
4111.0,14392.0,311.6916672,8
4253.437642970246,14403.048267860508,311.0,8
4266.0,14404.0,311.0,8
4456.0,14418.0,311.0,8
4534.3684217690925,14423.420793632997,311.0,8
4697.0,14434.0,310.2723499738678,8
4851.0,14443.0,309.5239080613932,8
4951.930843291738,14448.388103955213,309.0,8
5091.0,14455.0,306.5499979636364,8
5419.1202125905675,14468.5864232103,302.0,8
5430.0,14469.0,301.8250016,8
5496.927375512185,14471.226777643147,300.0,8
5545.0,14473.0,289.636352,8
5704.0,14480.0,271.4545338181818,8
5820.190308231554,14484.595137062199,260.0,8
5962.088245985685,14489.679903403035,248.0,8
6000.0,14491.0,242.33001344,8
6075.406264447454,14493.523078252143,227.0,8
6147.0,14496.0,208.41365003636363,8
6291.430681141138,14502.097738155173,180.0,8
6309.0,14503.0,177.95999232,8
6386.0,14508.0,168.35999232,8
6488.961871653858,14519.75328161855,156.0,5
6504.0,14522.0,153.8277696,5
6611.089832218333,14546.759808214229,133.0,3
6628.0,14552.0,130.91785965714286,3
6688.0,14572.0,123.84643108571429,3
6702.0485496984775,14576.92868072678,122.0,3
6742.0,14594.0,116.9811365107375,3
6751.452581468098,14599.168331206527,116.0,3
6828.0,14648.0,112.7666688,3
6867.741613318239,14681.197572253734,108.0,3
6883.0,14710.0,104.6500032,3
6894.297057525471,14732.090352911764,103.0,3
6923.0,14790.0,102.57222257777778,3
6940.639058981201,14831.487539148995,102.0,3
6955.0,14855.0,106.11666204444444,3
7015.146365476048,14930.282532782838,115.0,3
7023.0,14939.0,115.28333226666666,3
7059.930040772,14972.924271183814,117.0,3
7089.0,14992.0,117.0,3
7135.010017651669,15019.613205190777,117.0,3
7208.0,15058.0,116.3937504,3
7253.956558794307,15076.78020823341,116.0,3
7335.0,15102.0,123.2571392,3
7341.529214803108,15103.900626835955,124.0,3
7406.532761832088,15120.344713401446,131.0,3
7419.0,15123.0,132.41666133333334,3
7522.375640210512,15143.710526091538,141.0,3
7566.0,15152.0,145.22999424,3
7603.239778929532,15158.659369474235,150.0,3
7658.0,15168.0,156.96516870532736,3
7668.562379084668,15169.897105581633,158.0,4
7729.0,15181.0,163.8624944,4
7740.154077699027,15183.068765097081,165.0,4
7811.0,15197.0,172.6124944,4
7878.172724197926,15213.073429248341,179.0,4
7934.0,15228.0,181.1375024,4
7956.79529476916,15234.443933369688,182.0,4
8033.0,15257.0,188.05000502857143,4
8092.5767443312025,15274.91100852018,193.0,4
8188.0,15304.0,197.8937464,4
8298.032795688185,15337.886695592664,202.0,5
8347.0,15353.0,203.8500032,5
8402.832049405351,15370.248453855475,207.0,5
8468.0,15392.0,210.23333546666666,5
8491.175601471325,15400.209807978714,211.0,5
8557.0,15424.0,214.562504,5
8583.440155815171,15433.720451190231,216.0,5
8716.0,15484.0,221.31818472727272,5
8820.0,15525.0,225.409088,5
8834.529616263366,15530.718505613115,226.0,5
8926.0,15566.0,228.54999893333334,5
8997.603513056069,15592.49059183534,230.0,5
9202.0,15666.0,230.0,5
9205.950012726677,15667.389662983367,230.0,5
9289.0,15695.0,236.8249984,5
9309.174609657837,15701.763605191813,238.0,6
9463.771888713482,15754.218693766998,240.0,6
9490.0,15763.0,238.98000384,6
9627.307769520605,15807.525905684983,234.0,6
9639.0,15811.0,232.8625104,6
9759.302135406275,15842.784088251332,221.0,6
9919.0,15877.0,208.32500693333333,6
9921.958176052336,15877.610914589792,208.0,6
9979.192956756655,15888.992500547609,200.0,6
10014.631831439674,15890.17280922488,196.0,5
10090.0,15881.0,191.3937544,5
10253.004320411097,15855.744673558966,185.0,5
10263.0,15854.0,184.7500022857143,5
10346.285290543949,15831.124388535813,180.0,5
10375.0,15816.0,178.10000213333333,5
10481.140908917307,15760.648979226233,174.0,5
10487.0,15757.0,173.8250016,5
10511.0,15741.0,173.0750016,5
10601.0,15671.0,170.0750016,5
10603.102689318976,15669.094708833405,170.0,5
10668.709061629212,15601.056875455504,170.0,5
10673.0,15596.0,170.3499968,5
10715.456029951352,15541.144197251584,174.0,5
10730.0,15520.0,174.44999893333335,5
10775.458864641723,15443.059944401935,176.0,5
10788.0,15418.0,177.19999715555556,5
10828.0,15325.0,181.22222364444445,5
10850.279612082975,15261.073792706837,184.0,5
10869.0,15198.0,184.42056023338273,5
10886.859644086395,15124.715958250306,185.0,5
10897.0,15066.0,189.6999936,5
10917.387875064656,14928.26818509117,197.0,5
10924.0,14881.0,198.3499968,5
10935.710306132056,14791.068566746613,202.0,5
10941.589999125867,14726.775800497202,209.0,5
10944.0,14698.0,210.48000256,5
10948.848448002722,14639.66412626525,213.0,5
10957.715789338567,14527.875984643637,218.0,5
10960.0,14496.0,218.80999808,5
10965.885766235217,14406.951828825808,221.0,5
10969.0,14361.0,221.9250016,5
10972.891006473996,14307.334155270237,223.0,5
10979.0,14211.0,226.8500032,5
10980.0,14186.0,227.8500032,5
10987.454759837063,14077.889688132722,232.0,5
10991.0,14033.0,232.0,5
10994.47966150328,13986.172637581929,232.0,6
11005.0,13856.0,233.8187512,6
11019.551042916622,13703.370494366189,235.0,6
11025.0,13647.0,235.6624992,6
11033.90824418349,13553.331031349884,238.0,6
11039.0,13501.0,238.0,6
11045.526996257739,13435.629205931771,238.0,6
11049.0,13397.0,233.41230689205548,6
11067.0,13108.0,202.25058022770585,6
11067.582563093556,13093.71046740402,200.0,6
11068.611738769325,13035.84931784644,190.0,5
11065.715589891543,12995.974184451565,182.0,5
11064.0,12976.0,180.4812536,5
11055.0,12891.0,175.4187536,5
11047.84260135195,12850.68882007132,173.0,5
11024.0,12765.0,168.68889173333332,5
10996.0,12697.0,165.13333617777778,5
10994.81249443287,12694.549297202102,165.0,5
10941.0,12605.0,168.89999786666667,5
10665.0,12361.0,181.89999786666667,5
10636.352482825696,12343.742874698044,183.0,5
10567.0,12305.0,186.8499968,5
10489.558762551382,12264.38154131245,191.0,5
10483.0,12261.0,191.4812456,5
10357.0,12197.0,200.4187456,5
10331.765833916033,12184.355140669235,202.0,5
10255.0,12146.0,207.0624928,5
10241.407837874434,12139.190352800593,208.0,5
10140.0,12088.0,213.85000192,5
10137.335086862016,12086.641040804201,214.0,5
9990.0,12010.0,222.00416093194656,5
9935.0,11980.0,225.49688488939842,5
9890.511681080074,11956.029274894252,228.0,5
9803.0,11909.0,231.08000256,5
9777.319914695216,11894.940823255116,232.0,5
9701.0,11853.0,234.5124976,5
9685.007533133887,11844.359384546295,235.0,6
9503.0,11748.0,241.8500032,6
9499.241514878087,11746.00421839773,242.0,6
9404.1568646952,11695.027667132894,246.0,6
9384.0,11684.0,246.0,6
9312.0,11644.0,246.0,6
9308.458162608265,11642.022186418988,246.0,6
9191.0,11576.0,251.5428608,6
9126.046946852988,11538.97618658065,254.0,6
8919.0,11420.0,258.7624976,6
8879.294411876945,11397.175089521834,260.0,6
8810.775384092321,11357.840065729171,264.0,6
8727.0,11311.0,266.718748,6
8649.0,11268.0,268.593748,6
8631.688202429943,11258.39530065526,269.0,7
8492.0,11180.0,272.5499989333333,7
8474.722808158307,11170.277810457312,273.0,7
8359.0,11105.0,276.08928457142855,7
8269.431402877219,11054.06480071379,278.0,7
8157.0,10990.0,279.6624992,7
8043.810452984637,10925.809029978811,282.0,7
7912.0,10848.0,286.38244305806785,7
7844.092922587256,10806.233418634243,288.0,7
7735.0,10738.0,290.093748,7
7625.604569365785,10667.200869244885,293.0,7
7560.0,10622.0,293.56999936,7
7502.989238207661,10581.360074738055,294.0,7
7396.0,10502.0,296.0999982545455,7
7293.0,10420.0,298.2818164363636,7
7184.513670968016,10331.945511407948,300.0,8
7041.497536383664,10215.478074963401,301.0,8
7020.0,10198.0,301.0,8
6943.971041824522,10135.871682068126,301.0,8
6930.0,10124.0,302.062496,8
6861.361976850772,10064.629852743112,306.0,8
6699.0,9924.0,307.6714276571429,8
6673.0,9902.0,307.95714194285716,8
6668.867707119698,9898.486641096595,308.0,8
6486.826494599688,9740.155304103466,310.0,8
6375.0,9642.0,311.6749984,8
6288.394442877924,9566.165806957695,314.0,8
6204.0,9493.0,314.0,8
6085.0,9390.0,314.0,8
6081.440787557295,9386.909661658035,314.0,8
5953.0,9275.0,315.95000064,8
5949.407468915682,9271.877175395064,316.0,8
5714.0,9068.0,316.9190027003619,8
5696.020795314543,9052.40757061327,317.0,8
5526.341391134989,8904.650057168628,318.0,8
5461.0,8848.0,318.0,8
5404.975829872968,8799.597058059906,318.0,8
5341.0,8744.0,318.46999936,8
5270.556796055285,8681.845805175033,319.0,8
5248.0,8662.0,319.1214290285714,8
5141.0,8569.0,319.6928576,8
5083.161303766487,8519.103903473257,320.0,8
4966.0,8418.0,320.0,8
4948.55073541253,8402.83117249545,320.0,8
4832.0,8301.0,320.5437496,8
4733.903896116323,8215.477522436535,321.0,8
4617.0,8114.0,321.0,8
4550.0,8056.0,321.0,8
4492.042749794164,8005.465036440912,321.0,8
4416.0,7939.0,321.0,8
4386.127219398664,7913.024977285647,321.0,8
4281.0,7822.0,320.44999954285714,8
4172.880724419999,7728.272071259219,320.0,8
4130.0,7691.0,320.0,8
4057.71583934355,7627.895284641863,320.0,8
3956.0,7539.0,319.5750001777778,8
3757.1768987172327,7366.575958419944,319.0,8
3715.0,7330.0,318.4111118222222,8
3576.0434560639515,7209.10551437376,315.0,8
3569.0,7203.0,314.86021577400066,8
3450.0,7100.0,312.9247323470148,8
3393.707661789618,7051.157174950163,312.0,8
3321.0,6988.0,300.6000128,8
3291.1452071477033,6962.090602504403,296.0,8
3091.9767427802894,6789.1085927951,266.0,8
3085.0,6783.0,264.67001216,8
2951.0,6664.0,232.37001216,8
2930.753844200464,6645.931642081524,228.0,7
2869.0,6590.0,218.32223146666666,7
2819.0,6542.0,209.6555648,7
2776.1152476205043,6500.246915105388,202.0,6
2711.0,6433.0,191.125008,6
2689.8446826737095,6408.145950374137,187.0,5
2652.0,6358.0,182.812504,5
2645.2020963464556,6348.126070749008,182.0,5
2609.0,6288.0,177.187504,5
2607.767727217793,6285.564459249812,177.0,5
2566.0,6167.0,170.1500032,5
2558.157915364192,6127.680398919609,168.0,5
2552.0,6084.0,167.73888924444444,5
2545.135216091193,5956.48269137734,167.0,5
2545.0,5939.0,167.6374976,5
2545.547096934894,5871.361147423213,170.0,5
2546.0,5832.0,172.343752,5
2546.2128895713054,5790.119552275867,175.0,5
2546.0,5744.0,177.36514107622003,5
2544.580179130914,5668.587636453075,181.0,5
2543.0,5623.0,183.937496,5
2540.0,5571.0,187.687496,5
2521.5657258472675,5434.536251712818,196.0,5
2517.0,5414.0,196.531252,5
2482.0,5288.0,199.656252,5
2468.9289920612723,5246.425520450916,201.0,5
2443.579781724692,5182.208884983334,202.0,5
2429.0,5153.0,203.07999744,5
2371.9576606024293,5050.123657811652,206.0,5
2327.0,4975.0,206.47500053333334,5
2291.4169219700357,4921.792217218753,207.0,5
2239.0,4863.0,214.3562456,5
2199.292600366058,4821.503871964074,218.0,5
2125.6944062056546,4745.89495560272,222.0,5
2092.0,4711.0,223.8500032,5
2053.8771668876893,4671.195852580063,226.0,5
1998.0,4609.0,230.68999552,5
1975.0,4580.0,232.79000448,5
1972.7440281691415,4577.026059454471,233.0,6
1905.0,4474.0,236.2166656,6
1890.7863922731158,4447.303614178237,237.0,6
1849.0622478712025,4352.061590364417,238.0,6
1846.0,4344.0,238.38999808,6
1812.0,4241.0,243.18999808,6
1806.9523911199294,4223.052502658063,244.0,6
1779.0,4106.0,245.85357074285713,6
1764.8229958783297,4034.5212559619326,247.0,6
1741.0,3874.0,250.49499904,6
1728.6229677625156,3744.369791447746,253.0,6
1724.0,3690.0,253.61087796194062,6
1714.6878139214728,3579.9007299752734,255.0,6
1707.0,3492.0,257.87142582857143,6
1697.2944790689544,3386.842229245458,261.0,6
1692.0,3333.0,262.8499968,6
1682.5527219773537,3243.4852081009176,266.0,7
1675.0,3172.0,267.1749984,7
1662.23859593488,3044.5711519695756,269.0,7
1653.0,2946.0,269.0,7
1647.205511748177,2879.1610107676042,269.0,7
1639.0,2781.0,272.3499968,7
1625.0,2628.0,277.3499968,7
1623.0784893039636,2608.161808991256,278.0,7
1622.0,2597.0,278.1749984,7
1607.9675251670687,2447.1781202710886,280.0,7
1589.0,2239.0,281.8187488,7
1582.2992617234895,2163.9601878450135,283.0,7
1575.0,2081.0,286.46428342857143,7
1569.8539787076245,2023.9575190706619,288.0,7
1553.0,1842.0,290.6749984,7
1539.0,1697.0,292.6874976,7
1536.8914705699424,1674.877137220631,293.0,7
1485.213828568736,1094.0047677243774,299.0,8
1473.0,968.0,301.5666688,8
1465.769141677641,896.1785398292624,303.0,8
1463.0,868.0,303.1888896,8
1439.0,599.0,304.96666737777775,8
1438.4605066473482,593.1767098154389,305.0,8
1418.0,378.0,307.6749984,8
1415.9935494425886,356.1573329521214,308.0,8
1403.0,208.0,309.18888817777776,8
1392.1931404379868,92.91804150016158,310.0,8
1377.0,-66.0,311.44999893333335,8
1370.8629580010381,-131.68265824907394,312.0,8
1351.375523225146,-343.9307665979144,313.0,8
1350.0,-359.0,313.0,8
1335.6334556232096,-516.8800927806378,313.0,8
1312.0,-776.0,313.0,8
1311.5333108103328,-781.0276258798802,313.0,8
1299.0,-915.0,313.0,8
1296.827596547737,-942.9629577911687,313.0,8
1287.0,-1055.0,313.0,8
1271.6129194076702,-1215.868263897951,313.0,8
1262.0,-1317.0,314.09499904,8
1254.1553301116594,-1404.9091386037599,316.0,8
1250.0,-1457.0,316.0,8
1244.6711050464176,-1514.6328762152793,316.0,8
1227.0,-1701.0,316.8075308967281,8
1222.2285833327705,-1752.4137643434499,317.0,8
1204.8169327462049,-1942.7582684257368,317.0,8
1198.0,-2017.0,317.0,8
1184.8763131727571,-2157.0028555050794,317.0,8
1180.0,-2209.0,317.0,8
1174.5138613491981,-2268.4445128297107,317.0,8
1153.0,-2507.0,317.0,8
1152.0126525274547,-2517.989561516339,317.0,8
1135.0,-2707.0,317.0,8
1110.0897709902576,-2973.008908653377,317.0,8
1104.0,-3037.0,317.0,8
1093.6698804762145,-3148.0468569261693,317.0,8
1091.0,-3178.0,316.9055559111111,8
1079.0,-3318.0,316.4611114666667,8
1065.170822493545,-3464.1335672285013,316.0,8
1059.0,-3528.0,315.73571474285717,8
1049.0,-3633.0,315.3071433142857,8
1040.2683012163945,-3724.777270506602,315.0,8
1021.422714469636,-3922.1802115248274,315.0,8
1014.0,-3999.0,315.0,8
1004.4394194271191,-4096.061346680831,315.0,8
992.0425988442367,-4215.212841136065,314.0,8
991.0,-4225.0,313.6500032,8
974.0864783340027,-4378.1969523352855,309.0,8
970.0,-4412.0,307.1785645714286,8
932.1808271803857,-4691.719926903627,294.0,8
930.0,-4706.0,291.9875184,8
908.3525852883698,-4833.434901072638,271.0,8
873.4586613097348,-4992.60939845814,251.0,8
872.0,-4999.0,249.7312616,8
839.9779670010391,-5122.592269742179,222.0,6
824.0,-5168.0,219.62142445714287,6
760.0650326311983,-5331.385532510799,213.0,6
756.0,-5341.0,212.6500032,6
712.7943707546608,-5431.261716565939,208.0,5
653.0,-5507.0,198.8666624,5
624.4339362423516,-5539.599339027638,196.0,5
581.0,-5585.0,193.1499968,5
562.5428463552387,-5602.017514942,192.0,5
557.0,-5607.0,191.9416672,5
475.5944452632452,-5674.171844750002,191.0,5
402.0,-5713.0,189.15277866666668,5
249.0,-5773.0,186.37500088888888,5
234.39089715203727,-5778.083096133475,186.0,5
190.90843666435487,-5789.1443312191905,187.0,5
158.0,-5792.0,188.4124992,5
137.300177110153,-5794.020785741432,189.0,5
52.0,-5801.0,191.18571337142856,5
-16.681924067313588,-5800.801123696088,193.0,5
-97.0,-5793.0,194.9124992,5
-186.78061653402096,-5775.73761665792,197.0,5
-194.0,-5774.0,197.27196511545705,5
-324.34209014279503,-5735.128233969872,202.0,5
-365.0,-5720.0,204.4666624,5
-449.2145610553848,-5682.529512125159,210.0,5
-488.0,-5662.0,211.541664,5
-583.8177610787169,-5604.259129315598,215.0,5
-671.0,-5544.0,218.8499968,5
-694.528936563604,-5526.10193812955,220.0,5
-776.0,-5457.0,223.86666382222222,5
-848.0,-5387.0,227.42221937777776,5
-859.3528397644159,-5375.208692511629,228.0,5
-965.0,-5254.0,232.2333312,5
-1035.0,-5160.0,235.2333312,5
-1051.724976987699,-5135.535428204064,236.0,6
-1113.0,-5037.0,239.47999744,6
-1122.5870862571294,-5020.221232564911,240.0,6
-1197.192324635584,-4879.692287751988,244.0,6
-1208.0,-4858.0,244.8499968,6
-1259.8683810386842,-4742.806936361988,250.0,6
-1274.0,-4706.0,250.80999808,6
-1318.4088064838456,-4579.762155686633,253.0,6
-1369.0,-4424.0,256.48258435266365,6
-1374.6885199671626,-4405.545085949204,257.0,6
-1416.9396823161453,-4232.294272005059,261.0,6
-1423.0,-4200.0,261.44999893333335,6
-1446.0,-4070.0,262.9500010666667,6
-1459.8099670358124,-3979.1279372007143,264.0,7
-1466.0,-3931.0,265.32143085714284,7
-1474.0,-3849.0,267.82142628571427,7
-1478.0161578477603,-3802.801347976678,269.0,7
-1485.0,-3714.0,271.4937528,7
-1493.0241877667129,-3556.8543856732394,276.0,7
-1494.0,-3531.0,276.3642870857143,7
-1498.0,-3393.0,278.29285577142855,7
-1498.8932285868939,-3341.3119816521257,279.0,7
-1500.0,-3191.0,279.0,7
-1500.0115814072972,-3186.611182361743,279.0,7
-1499.572239252191,-3040.95990978683,279.0,7
-1499.0,-2989.0,280.61999616,7
-1496.3608214186397,-2811.351402036519,285.0,7
-1495.0,-2734.0,286.54166933333335,7
-1492.7860127090487,-2642.5152276632402,290.0,7
-1491.0,-2589.0,291.12999936,7
-1489.0821945454957,-2529.469160584608,292.0,7
-1483.0,-2345.0,294.6624992,7
-1482.1879388543477,-2322.385111976345,295.0,7
-1478.0,-2214.0,296.32999936,7
-1475.6509380250245,-2159.297183557719,297.0,8
-1467.5255945056042,-1994.3785782320253,299.0,8
-1466.0,-1967.0,299.32999936,8
-1457.6502911282353,-1827.8585316706715,301.0,8
-1457.0,-1817.0,301.0812496,8
-1449.83051277869,-1694.0599831868078,302.0,8
-1445.0,-1617.0,302.5812496,8
-1433.0,-1449.0,303.8312496,8
-1431.2332403534665,-1423.9096632320952,304.0,8
-1415.0,-1189.0,306.1230059410652,8
-1400.4490059037853,-997.4518148411354,308.0,8
-1385.0,-808.0,309.5285705142857,8
-1380.0926262448077,-748.5902902297966,310.0,8
-1374.7378433593512,-684.1423998043576,310.5916650666667,8
